{
  "project_info": {
    "project_number": "285429171151",
    "firebase_url": "https://localizanois-94fdc-default-rtdb.firebaseio.com",
    "project_id": "localizanois-94fdc",
    "storage_bucket": "localizanois-94fdc.firebasestorage.app"
  },
  "client": [
    {
      "client_info": {
        "mobilesdk_app_id": "1:285429171151:android:3b706111c88179b8ee48ba",
        "android_client_info": {
          "package_name": "com.example.memoriaviva2"
        }
      },
      "oauth_client": [],
      "api_key": [
        {
          "current_key": "AIzaSyCvB9Y1IupItII6iiwLg3HqMoF1ulpk3EE"
        }
      ],
      "services": {
        "appinvite_service": {
          "other_platform_oauth_client": []
        }
      }
    }
  ],
  "configuration_version": "1"
}